city,source
MOSCOW,[55.755864\,37.617698]
PARIS,[48.856663\,2.351556]
LONDON,[51.507351\,-0.127696]
BERLIN,[52.518621\,13.375142]
BEIJING,[39.901850\,116.391441]
KAZAN,[55.796127\,49.106414]
SAINT PETERSBURG,[59.938784\,30.314997]
VOLGOGRAD,[48.707067\,44.516975]
NOVOSIBIRSK,[55.030204\,82.920430]
KALININGRAD,[54.710162\,20.510137]
ABUDHABI,[24.443257\,54.393071]
WARSZAWA,[52.232090\,21.007139]
BUCHAREST,[44.436379\,26.099041]
ROMA,[41.887064\,12.504809]
CAIRO,[30.050755\,31.246909]